{"schema_version":"summary-v1","envelope":{"common":{"ziraph_version":"v0.1.0-dev.20260605191643"},"chip_groups":[{"chip_brand":"Apple M1","chip_sub_target":"MacBookAir10,1","n_runs":3,"source_correlation_ids":["ollama-gguf","ollama-gguf","ollama-gguf"]}],"homogeneous":true,"mixed_fields":[]},"aggregation":{"n_runs":3,"kind":"across_run"},"summary":{"duration_s":286.542,"tokens_total":5602,"tokens_per_run":1867.3333333333333,"tokens_per_second":6.517212814995328,"stddev_tokens_per_second":0.015580314428397303,"reported_tokens_per_second":6.663333333333334,"peak_accel_dram_rd_mbps":54981.208999999995,"peak_accel_dram_wr_mbps":1664.7153333333335,"plateau_accel_dram_rd_mbps":52711.08433333333,"plateau_accel_dram_wr_mbps":null,"mean_ane_mw":0,"stddev_ane_mw":0,"peak_windowed_ane_mw":0,"within_trace_stddev_ane_mw":0,"energy_per_token_j":0.9867894387680373,"stddev_energy_per_token_j":0.019593090119663203,"energy_per_token_is_derived":false,"energy_per_token_raw_j":1.0095313136938877,"stddev_energy_per_token_raw_j":0.02185603180327941,"energy_per_token_joules":0.9867894387680373,"stddev_energy_per_token_joules":0.019593090119663203,"output_throughput_tokens_per_sec":6.517212814995328,"stddev_output_throughput_tokens_per_sec":0.015580314428397303,"avg_power_watts":6.578990844660313,"stddev_avg_power_watts":0.1270002542122217,"mean_itl_ms":null,"mean_gpu_w":6.3063726982346155,"stddev_gpu_w":0.12951416124735385,"mean_cpu_w":0.26624797301508735,"stddev_cpu_w":0.0058570188365762435,"peak_instantaneous_gpu_w":11.5509,"peak_windowed_gpu_w":11.3745,"p50_gpu_w":6.168499999999999,"p90_gpu_w":6.960633333333334,"peak_instantaneous_cpu_w":5.347,"peak_windowed_cpu_w":5.347,"p50_cpu_w":0.16943333333333332,"p90_cpu_w":0.48419999999999996,"mean_media_engine_w":0.02616203552769068,"stddev_media_engine_w":0.00016116319810785323,"peak_media_engine_w":0.0302,"mean_ane_energy_j":0,"stddev_mean_ane_energy_j":0,"mean_gpu_energy_j":1814.875995333333,"stddev_mean_gpu_energy_j":87.20461774687875,"mean_cpu_energy_j":71.22533333333332,"stddev_mean_cpu_energy_j":3.8137619514361747},"hints":["unattributed_gpu_during_run"],"missing_signals":[]}
