{"schema_version":"summary-v1","envelope":{"common":{"ziraph_version":"0.1.0-dev"},"chip_groups":[{"chip_brand":"Apple M1","chip_sub_target":"MacBookAir10,1","n_runs":3,"source_correlation_ids":["ollama-mlx","ollama-mlx","ollama-mlx"]}],"homogeneous":true,"mixed_fields":[]},"aggregation":{"n_runs":3,"kind":"across_run"},"summary":{"duration_s":29.665666666666667,"tokens_total":469,"tokens_per_run":156.33333333333334,"tokens_per_second":5.269840556423251,"stddev_tokens_per_second":0.32454584398710973,"reported_tokens_per_second":6.75,"peak_accel_dram_rd_mbps":56830.91566666667,"peak_accel_dram_wr_mbps":1094.2866666666666,"plateau_accel_dram_rd_mbps":55324.31133333334,"plateau_accel_dram_wr_mbps":924.7456666666667,"mean_ane_mw":0,"stddev_ane_mw":0,"peak_windowed_ane_mw":0,"within_trace_stddev_ane_mw":0,"energy_per_token_j":1.4361362276534144,"stddev_energy_per_token_j":0.09365625167148901,"energy_per_token_raw_j":1.51852760644396,"stddev_energy_per_token_raw_j":0.11124910748886865,"energy_per_token_joules":1.4361362276534144,"stddev_energy_per_token_joules":0.09365625167148901,"output_throughput_tokens_per_sec":5.269840556423251,"stddev_output_throughput_tokens_per_sec":0.32454584398710973,"avg_power_watts":8.018851435824182,"stddev_avg_power_watts":0.13218656539728588,"mean_itl_ms":null,"mean_gpu_w":6.232534969696968,"stddev_gpu_w":0.08813527288759873,"mean_cpu_w":1.6359055151515152,"stddev_cpu_w":0.2914049611939426,"mean_media_engine_w":0.026207898989898986,"stddev_media_engine_w":0.0007515724975405046,"peak_media_engine_w":0.03163333333333333,"mean_ane_energy_j":0,"stddev_mean_ane_energy_j":0,"mean_gpu_energy_j":193.05715333333333,"stddev_mean_gpu_energy_j":15.07380895310619,"mean_cpu_energy_j":45.26566666666667,"stddev_mean_cpu_energy_j":15.804905405882339},"hints":["unattributed_gpu_during_run"],"missing_signals":[]}
