{"schema_version":"summary-v1","envelope":{"common":{"ziraph_version":"0.1.0-dev"},"chip_groups":[{"chip_brand":"Apple M1","chip_sub_target":"MacBookAir10,1","n_runs":3,"source_correlation_ids":["ollama-gguf","ollama-gguf","ollama-gguf"]}],"homogeneous":true,"mixed_fields":[]},"aggregation":{"n_runs":3,"kind":"across_run"},"summary":{"duration_s":26.218333333333334,"tokens_total":436,"tokens_per_run":145.33333333333334,"tokens_per_second":5.543194965355032,"stddev_tokens_per_second":0.470997267523408,"reported_tokens_per_second":7.0633333333333335,"peak_accel_dram_rd_mbps":55092.60333333333,"peak_accel_dram_wr_mbps":2459.345,"plateau_accel_dram_rd_mbps":54393.48499999999,"plateau_accel_dram_wr_mbps":1624.446,"mean_ane_mw":0,"stddev_ane_mw":0,"peak_windowed_ane_mw":0,"within_trace_stddev_ane_mw":0,"energy_per_token_j":1.3308352679237887,"stddev_energy_per_token_j":0.031674717705306464,"energy_per_token_raw_j":1.4117004572788403,"stddev_energy_per_token_raw_j":0.04525788791120364,"energy_per_token_joules":1.3308352679237887,"stddev_energy_per_token_joules":0.031674717705306464,"output_throughput_tokens_per_sec":5.543194965355032,"stddev_output_throughput_tokens_per_sec":0.470997267523408,"avg_power_watts":7.880591080729683,"stddev_avg_power_watts":0.3972814667680437,"mean_itl_ms":null,"mean_gpu_w":6.757361965578057,"stddev_gpu_w":0.5003821884759566,"mean_cpu_w":0.9861386121753939,"stddev_cpu_w":0.1354394540346421,"mean_media_engine_w":0.021175022806057292,"stddev_media_engine_w":0.0026376020111958678,"peak_media_engine_w":0.02753333333333333,"mean_ane_energy_j":0,"stddev_mean_ane_energy_j":0,"mean_gpu_energy_j":183.903459,"stddev_mean_gpu_energy_j":9.346515580917018,"mean_cpu_energy_j":21.524333333333335,"stddev_mean_cpu_energy_j":6.330660435969976},"hints":["unattributed_gpu_during_run"],"missing_signals":[]}
