{"schema_version":"summary-v1","envelope":{"common":{"ziraph_version":"v0.1.0-dev.20260605191643"},"chip_groups":[{"chip_brand":"Apple M1","chip_sub_target":"MacBookAir10,1","n_runs":3,"source_correlation_ids":["ollama-mlx","ollama-mlx","ollama-mlx"]}],"homogeneous":true,"mixed_fields":[]},"aggregation":{"n_runs":3,"kind":"across_run"},"summary":{"duration_s":263.536,"tokens_total":5144,"tokens_per_run":1714.6666666666667,"tokens_per_second":6.505723353916537,"stddev_tokens_per_second":0.02300970871113156,"reported_tokens_per_second":6.646666666666666,"peak_accel_dram_rd_mbps":58937.42333333334,"peak_accel_dram_wr_mbps":1899.9623333333332,"plateau_accel_dram_rd_mbps":57371.787000000004,"plateau_accel_dram_wr_mbps":1397.128,"mean_ane_mw":0,"stddev_ane_mw":0,"peak_windowed_ane_mw":0,"within_trace_stddev_ane_mw":0,"energy_per_token_j":0.9927177461292559,"stddev_energy_per_token_j":0.015658892416298545,"energy_per_token_is_derived":false,"energy_per_token_raw_j":1.0174187397523646,"stddev_energy_per_token_raw_j":0.005661865559537765,"energy_per_token_joules":0.9927177461292559,"stddev_energy_per_token_joules":0.015658892416298545,"output_throughput_tokens_per_sec":6.505723353916537,"stddev_output_throughput_tokens_per_sec":0.02300970871113156,"avg_power_watts":6.619171183640655,"stddev_avg_power_watts":0.05982629605324359,"mean_itl_ms":null,"mean_gpu_w":6.28910914172484,"stddev_gpu_w":0.06650489481520139,"mean_cpu_w":0.3216487565869619,"stddev_cpu_w":0.003951313233313212,"peak_instantaneous_gpu_w":10.4485,"peak_windowed_gpu_w":9.636099999999999,"p50_gpu_w":6.234166666666667,"p90_gpu_w":6.925166666666667,"peak_instantaneous_cpu_w":4.5518,"peak_windowed_cpu_w":4.478,"p50_cpu_w":0.1919,"p90_cpu_w":0.5056666666666666,"mean_media_engine_w":0.028131877012345475,"stddev_media_engine_w":0.0000802295292453043,"peak_media_engine_w":0.030666666666666665,"mean_ane_energy_j":0,"stddev_mean_ane_energy_j":0,"mean_gpu_energy_j":1664.9863413333333,"stddev_mean_gpu_energy_j":64.7631541506916,"mean_cpu_energy_j":79.85766666666666,"stddev_mean_cpu_energy_j":1.3926345137504266},"hints":["unattributed_gpu_during_run"],"missing_signals":[]}
